Accession,AMK,CAPREO,E,ETHI,MXF,I,KANA,OFLO,PAS,PZA,R,S,Amikacin,Capreomycin,Ethambutol,Ethionamide,Moxifloxacin,Isoniazid,Kanamycin,Ofloxacin,Para-aminosalicylic acid,Pyrazinamide,Rifampicin,Streptomycin
ERR1036286,S,S,R,R,NA,R,NA,S,NA,R,R,R,No mutation detected,No mutation detected,embB p.Met306Val (1),ethA c.180delC (0.99),No mutation detected,katG p.Ser315Thr (1),No mutation detected,No mutation detected,thyX c.-16C>T (1),pncA p.Asp63Ala (1),rpoB p.Ser450Leu (1),rpsL p.Lys43Arg (1)
ERR1036287,S,S,NA,R,NA,NA,S,S,S,NA,NA,NA,No mutation detected,No mutation detected,embB p.Met306Leu (1),ethA c.110delA (0.98),No mutation detected,katG p.Ser315Thr (1),No mutation detected,No mutation detected,No mutation detected,pncA p.Gln141Pro (0.98),rpoB p.Ser450Leu (1),rpsL p.Lys43Arg (0.99)
ERR1036288,S,S,NA,R,NA,NA,S,S,S,NA,NA,NA,No mutation detected,No mutation detected,embB p.Gly406Asp (0.99),No mutation detected,No mutation detected,katG p.Ser315Thr (0.99),No mutation detected,No mutation detected,No mutation detected,pncA p.Gly97Cys (0.99),rpoB p.His445Asn (1),gid p.Ser136* (0.99)
ERR1036289,S,S,R,R,NA,R,R,R,NA,S,R,R,No mutation detected,No mutation detected,embA c.-11C>A (1),fabG1 c.-15C>T (1),gyrA p.Ser91Pro (1),fabG1 c.-15C>T (1),eis c.-10G>A (1),gyrA p.Ser91Pro (1),No mutation detected,No mutation detected,rpoB p.Ser450Leu (1),rpsL p.Lys43Arg (1)
ERR1036290,S,S,S,R,NA,R,S,R,S,R,R,R,No mutation detected,No mutation detected,embA c.-11C>A (1),fabG1 c.-15C>T (1),gyrA p.Ser91Pro (1),fabG1 c.-15C>T (1),eis c.-10G>A (1),gyrA p.Ser91Pro (1),No mutation detected,No mutation detected,rpoB p.Ser450Leu (1),rpsL p.Lys43Arg (1)
ERR1036291,R,R,R,R,NA,R,R,R,S,R,R,S,rrs n.1401A>G (1),rrs n.1401A>G (1),embB p.Met306Val (1),fabG1 c.-15C>T (1),gyrA p.Asp94Ala (1),fabG1 c.-15C>T (1),rrs n.1401A>G (1),gyrA p.Asp94Ala (1),No mutation detected,pncA p.Val125Gly (1),rpoB p.Ser450Leu (1),gid p.Ala80Pro (1)
ERR1036292,S,S,NA,S,NA,NA,S,S,S,NA,NA,NA,No mutation detected,No mutation detected,embB p.Gly406Cys (0.99),No mutation detected,No mutation detected,katG p.Ser315Thr (1),No mutation detected,No mutation detected,No mutation detected,No mutation detected,No mutation detected,rpsL p.Lys43Arg (1)
ERR1036293,R,R,NA,R,NA,NA,R,S,S,NA,NA,NA,rrs n.1401A>G (1),rrs n.1401A>G (1),embB p.Met306Val (1),fabG1 c.-15C>T (0.99),No mutation detected,fabG1 c.-15C>T (0.99),rrs n.1401A>G (1),No mutation detected,No mutation detected,pncA p.Val125Gly (1),rpoB p.Ser450Leu (1),gid p.Ala80Pro (1)
ERR1036294,R,R,R,R,NA,R,R,R,S,R,R,R,rrs n.1484G>T (1),rrs n.1484G>T (1),embA c.-16C>G (1),fabG1 c.-15C>T (1),gyrA p.Asp94Gly (1),fabG1 c.-15C>T (1),rrs n.1484G>T (1),gyrA p.Asp94Gly (1),No mutation detected,pncA p.Phe13Leu (1),rpoB p.Ser450Leu (1),rpsL p.Lys43Arg (1)
ERR1036295,S,S,NA,R,NA,NA,S,R,S,NA,NA,NA,No mutation detected,No mutation detected,embB p.Met306Val (1),fabG1 c.-15C>T (1),gyrA p.Asp94Val (1),fabG1 c.-15C>T (1),No mutation detected,gyrA p.Asp94Val (1),No mutation detected,pncA p.Val125Gly (1),rpoB p.Ser450Leu (1),gid p.Ala80Pro (1)
ERR1036296,R,R,S,R,NA,R,R,R,S,R,R,R,rrs n.1484G>T (0.99),rrs n.1484G>T (0.99),embA c.-16C>G (1),fabG1 c.-15C>T (1),gyrA p.Asp94Gly (1),fabG1 c.-15C>T (1),rrs n.1484G>T (0.99),gyrA p.Asp94Gly (1),No mutation detected,pncA p.Phe13Leu (1),rpoB p.Ser450Leu (1),rpsL p.Lys43Arg (1)
ERR1036297,S,S,NA,S,NA,NA,S,S,S,NA,NA,NA,No mutation detected,No mutation detected,embB p.Gln497Arg (1),No mutation detected,No mutation detected,katG p.Ser315Thr (1),No mutation detected,No mutation detected,No mutation detected,No mutation detected,No mutation detected,rpsL p.Lys43Arg (1)
ERR1036298,S,S,NA,S,NA,NA,NA,S,NA,NA,NA,NA,No mutation detected,No mutation detected,embB p.Met306Ile (0.44),No mutation detected,No mutation detected,katG c.268dupT (0.95),No mutation detected,No mutation detected,No mutation detected,No mutation detected,rpoB p.Ser450Leu (1),gid p.Gln127* (0.21)