Accession,Drug,Phenotype,Gene,Mutation,Allele_Fraction
ERR1036286,Amikacin,S,NA,NA,NA
ERR1036286,Capreomycin,S,NA,NA,NA
ERR1036286,Ethambutol,R,embB,p.Met306Val,1
ERR1036286,Ethionamide,R,ethA,c.180delC,0.99
ERR1036286,Moxifloxacin,NA,NA,NA,NA
ERR1036286,Isoniazid,R,katG,p.Ser315Thr,1
ERR1036286,Kanamycin,NA,NA,NA,NA
ERR1036286,Ofloxacin,S,NA,NA,NA
ERR1036286,Para-aminosalicylic acid,NA,thyX,c.-16C>T,1
ERR1036286,Pyrazinamide,R,pncA,p.Asp63Ala,1
ERR1036286,Rifampicin,R,rpoB,p.Ser450Leu,1
ERR1036286,Streptomycin,R,rpsL,p.Lys43Arg,1
ERR1036287,Amikacin,S,NA,NA,NA
ERR1036287,Capreomycin,S,NA,NA,NA
ERR1036287,Ethambutol,NA,embB,p.Met306Leu,1
ERR1036287,Ethionamide,R,ethA,c.110delA,0.98
ERR1036287,Moxifloxacin,NA,NA,NA,NA
ERR1036287,Isoniazid,NA,katG,p.Ser315Thr,1
ERR1036287,Kanamycin,S,NA,NA,NA
ERR1036287,Ofloxacin,S,NA,NA,NA
ERR1036287,Para-aminosalicylic acid,S,NA,NA,NA
ERR1036287,Pyrazinamide,NA,pncA,p.Gln141Pro,0.98
ERR1036287,Rifampicin,NA,rpoB,p.Ser450Leu,1
ERR1036287,Streptomycin,NA,rpsL,p.Lys43Arg,0.99
ERR1036288,Amikacin,S,NA,NA,NA
ERR1036288,Capreomycin,S,NA,NA,NA
ERR1036288,Ethambutol,NA,embB,p.Gly406Asp,0.99
ERR1036288,Ethionamide,R,NA,NA,NA
ERR1036288,Moxifloxacin,NA,NA,NA,NA
ERR1036288,Isoniazid,NA,katG,p.Ser315Thr,0.99
ERR1036288,Kanamycin,S,NA,NA,NA
ERR1036288,Ofloxacin,S,NA,NA,NA
ERR1036288,Para-aminosalicylic acid,S,NA,NA,NA
ERR1036288,Pyrazinamide,NA,pncA,p.Gly97Cys,0.99
ERR1036288,Rifampicin,NA,rpoB,p.His445Asn,1
ERR1036288,Streptomycin,NA,gid,p.Ser136*,0.99
ERR1036289,Amikacin,S,NA,NA,NA
ERR1036289,Capreomycin,S,NA,NA,NA
ERR1036289,Ethambutol,R,embA,c.-11C>A,1
ERR1036289,Ethionamide,R,fabG1,c.-15C>T,1
ERR1036289,Moxifloxacin,NA,gyrA,p.Ser91Pro,1
ERR1036289,Isoniazid,R,fabG1,c.-15C>T,1
ERR1036289,Kanamycin,R,eis,c.-10G>A,1
ERR1036289,Ofloxacin,R,gyrA,p.Ser91Pro,1
ERR1036289,Para-aminosalicylic acid,NA,NA,NA,NA
ERR1036289,Pyrazinamide,S,NA,NA,NA
ERR1036289,Rifampicin,R,rpoB,p.Ser450Leu,1
ERR1036289,Streptomycin,R,rpsL,p.Lys43Arg,1
ERR1036290,Amikacin,S,NA,NA,NA
ERR1036290,Capreomycin,S,NA,NA,NA
ERR1036290,Ethambutol,S,embA,c.-11C>A,1
ERR1036290,Ethionamide,R,fabG1,c.-15C>T,1
ERR1036290,Moxifloxacin,NA,gyrA,p.Ser91Pro,1
ERR1036290,Isoniazid,R,fabG1,c.-15C>T,1
ERR1036290,Kanamycin,S,eis,c.-10G>A,1
ERR1036290,Ofloxacin,R,gyrA,p.Ser91Pro,1
ERR1036290,Para-aminosalicylic acid,S,NA,NA,NA
ERR1036290,Pyrazinamide,R,NA,NA,NA
ERR1036290,Rifampicin,R,rpoB,p.Ser450Leu,1
ERR1036290,Streptomycin,R,rpsL,p.Lys43Arg,1
ERR1036291,Amikacin,R,rrs,n.1401A>G,1
ERR1036291,Capreomycin,R,rrs,n.1401A>G,1
ERR1036291,Ethambutol,R,embB,p.Met306Val,1
ERR1036291,Ethionamide,R,fabG1,c.-15C>T,1
ERR1036291,Moxifloxacin,NA,gyrA,p.Asp94Ala,1
ERR1036291,Isoniazid,R,fabG1,c.-15C>T,1
ERR1036291,Kanamycin,R,rrs,n.1401A>G,1
ERR1036291,Ofloxacin,R,gyrA,p.Asp94Ala,1
ERR1036291,Para-aminosalicylic acid,S,NA,NA,NA
ERR1036291,Pyrazinamide,R,pncA,p.Val125Gly,1
ERR1036291,Rifampicin,R,rpoB,p.Ser450Leu,1
ERR1036291,Streptomycin,S,gid,p.Ala80Pro,1
ERR1036292,Amikacin,S,NA,NA,NA
ERR1036292,Capreomycin,S,NA,NA,NA
ERR1036292,Ethambutol,NA,embB,p.Gly406Cys,0.99
ERR1036292,Ethionamide,S,NA,NA,NA
ERR1036292,Moxifloxacin,NA,NA,NA,NA
ERR1036292,Isoniazid,NA,katG,p.Ser315Thr,1
ERR1036292,Kanamycin,S,NA,NA,NA
ERR1036292,Ofloxacin,S,NA,NA,NA
ERR1036292,Para-aminosalicylic acid,S,NA,NA,NA
ERR1036292,Pyrazinamide,NA,NA,NA,NA
ERR1036292,Rifampicin,NA,NA,NA,NA
ERR1036292,Streptomycin,NA,rpsL,p.Lys43Arg,1
ERR1036293,Amikacin,R,rrs,n.1401A>G,1
ERR1036293,Capreomycin,R,rrs,n.1401A>G,1
ERR1036293,Ethambutol,NA,embB,p.Met306Val,1
ERR1036293,Ethionamide,R,fabG1,c.-15C>T,0.99
ERR1036293,Moxifloxacin,NA,NA,NA,NA
ERR1036293,Isoniazid,NA,fabG1,c.-15C>T,0.99
ERR1036293,Kanamycin,R,rrs,n.1401A>G,1
ERR1036293,Ofloxacin,S,NA,NA,NA
ERR1036293,Para-aminosalicylic acid,S,NA,NA,NA
ERR1036293,Pyrazinamide,NA,pncA,p.Val125Gly,1
ERR1036293,Rifampicin,NA,rpoB,p.Ser450Leu,1
ERR1036293,Streptomycin,NA,gid,p.Ala80Pro,1
ERR1036294,Amikacin,R,rrs,n.1484G>T,1
ERR1036294,Capreomycin,R,rrs,n.1484G>T,1
ERR1036294,Ethambutol,R,embA,c.-16C>G,1
ERR1036294,Ethionamide,R,fabG1,c.-15C>T,1
ERR1036294,Moxifloxacin,NA,gyrA,p.Asp94Gly,1
ERR1036294,Isoniazid,R,fabG1,c.-15C>T,1
ERR1036294,Kanamycin,R,rrs,n.1484G>T,1
ERR1036294,Ofloxacin,R,gyrA,p.Asp94Gly,1
ERR1036294,Para-aminosalicylic acid,S,NA,NA,NA
ERR1036294,Pyrazinamide,R,pncA,p.Phe13Leu,1
ERR1036294,Rifampicin,R,rpoB,p.Ser450Leu,1
ERR1036294,Streptomycin,R,rpsL,p.Lys43Arg,1
ERR1036295,Amikacin,S,NA,NA,NA
ERR1036295,Capreomycin,S,NA,NA,NA
ERR1036295,Ethambutol,NA,embB,p.Met306Val,1
ERR1036295,Ethionamide,R,fabG1,c.-15C>T,1
ERR1036295,Moxifloxacin,NA,gyrA,p.Asp94Val,1
ERR1036295,Isoniazid,NA,fabG1,c.-15C>T,1
ERR1036295,Kanamycin,S,NA,NA,NA
ERR1036295,Ofloxacin,R,gyrA,p.Asp94Val,1
ERR1036295,Para-aminosalicylic acid,S,NA,NA,NA
ERR1036295,Pyrazinamide,NA,pncA,p.Val125Gly,1
ERR1036295,Rifampicin,NA,rpoB,p.Ser450Leu,1
ERR1036295,Streptomycin,NA,gid,p.Ala80Pro,1
ERR1036296,Amikacin,R,rrs,n.1484G>T,0.99
ERR1036296,Capreomycin,R,rrs,n.1484G>T,0.99
ERR1036296,Ethambutol,S,embA,c.-16C>G,1
ERR1036296,Ethionamide,R,fabG1,c.-15C>T,1
ERR1036296,Moxifloxacin,NA,gyrA,p.Asp94Gly,1
ERR1036296,Isoniazid,R,fabG1,c.-15C>T,1
ERR1036296,Kanamycin,R,rrs,n.1484G>T,0.99
ERR1036296,Ofloxacin,R,gyrA,p.Asp94Gly,1
ERR1036296,Para-aminosalicylic acid,S,NA,NA,NA
ERR1036296,Pyrazinamide,R,pncA,p.Phe13Leu,1
ERR1036296,Rifampicin,R,rpoB,p.Ser450Leu,1
ERR1036296,Streptomycin,R,rpsL,p.Lys43Arg,1
ERR1036297,Amikacin,S,NA,NA,NA
ERR1036297,Capreomycin,S,NA,NA,NA
ERR1036297,Ethambutol,NA,embB,p.Gln497Arg,1
ERR1036297,Ethionamide,S,NA,NA,NA
ERR1036297,Moxifloxacin,NA,NA,NA,NA
ERR1036297,Isoniazid,NA,katG,p.Ser315Thr,1
ERR1036297,Kanamycin,S,NA,NA,NA
ERR1036297,Ofloxacin,S,NA,NA,NA
ERR1036297,Para-aminosalicylic acid,S,NA,NA,NA
ERR1036297,Pyrazinamide,NA,NA,NA,NA
ERR1036297,Rifampicin,NA,NA,NA,NA
ERR1036297,Streptomycin,NA,rpsL,p.Lys43Arg,1
ERR1036298,Amikacin,S,NA,NA,NA
ERR1036298,Capreomycin,S,NA,NA,NA
ERR1036298,Ethambutol,NA,embB,p.Met306Ile,0.44
ERR1036298,Ethionamide,S,NA,NA,NA
ERR1036298,Moxifloxacin,NA,NA,NA,NA
ERR1036298,Isoniazid,NA,katG,c.268dupT,0.95
ERR1036298,Kanamycin,NA,NA,NA,NA
ERR1036298,Ofloxacin,S,NA,NA,NA
ERR1036298,Para-aminosalicylic acid,NA,NA,NA,NA
ERR1036298,Pyrazinamide,NA,NA,NA,NA
ERR1036298,Rifampicin,NA,rpoB,p.Ser450Leu,1
ERR1036298,Streptomycin,NA,gid,p.Gln127*,0.21